,isactive_engaged,isactive_interested,isactive_subscribed,patient_id,greater1
3898,0,0,0,22104.0,1.0
6111,0,0,0,32100.0,1.0
4123,1,1,0,23599.0,1.0
718,1,1,1,6158.0,1.0
3132,0,0,0,17955.0,1.0
6206,0,1,0,32746.0,1.0
4374,0,1,0,24785.0,1.0
8185,1,1,1,44066.0,1.0
1817,0,0,0,10489.0,1.0
582,1,1,1,5674.0,1.0
7717,0,1,0,41582.0,1.0
3445,0,0,0,19711.0,1.0
1175,0,0,0,7770.0,1.0
8850,0,0,0,47294.0,1.0
33,1,1,1,2005.0,1.0
568,1,1,0,5578.0,1.0
9456,0,0,0,50531.0,1.0
3007,0,0,0,17262.0,1.0
4352,1,1,0,24719.0,1.0
7770,1,1,0,41897.0,1.0
6309,0,0,0,33335.0,1.0
5780,0,0,0,30237.0,1.0
2291,0,0,0,13859.0,1.0
4847,0,1,0,26988.0,1.0
304,1,1,0,4451.0,1.0
1775,1,1,1,10367.0,1.0
107,1,1,1,2576.0,1.0
6699,0,0,0,35557.0,0.0
3355,0,0,0,19340.0,1.0
4936,0,0,0,27387.0,0.0
3844,0,0,0,21841.0,1.0
9796,0,0,0,52470.0,1.0
4504,0,0,0,25607.0,1.0
5138,0,0,0,28090.0,1.0
2818,0,1,0,16510.0,1.0
4342,0,0,0,24671.0,1.0
1190,1,1,1,7849.0,1.0
1692,0,1,0,10021.0,1.0
7757,1,1,1,41787.0,1.0
9877,1,1,0,52998.0,1.0
9354,0,0,0,50016.0,1.0
39,1,1,1,2074.0,1.0
2458,0,1,0,14829.0,1.0
6670,0,0,0,35400.0,1.0
2150,1,1,0,12443.0,1.0
4955,0,1,0,27452.0,1.0
7495,0,1,0,40417.0,1.0
9760,1,1,0,52261.0,1.0
4375,1,1,0,24786.0,1.0
3528,0,1,0,20184.0,1.0
9203,1,1,0,49259.0,1.0
9472,1,1,0,50617.0,1.0
8494,0,0,0,45626.0,1.0
1606,0,0,0,9625.0,1.0
6826,0,1,0,36302.0,1.0
439,1,1,1,4938.0,1.0
487,1,1,1,5128.0,1.0
9880,0,0,0,53013.0,1.0
169,1,1,1,3781.0,1.0
621,1,1,1,5832.0,1.0
1623,0,0,0,9718.0,1.0
3381,0,1,0,19495.0,1.0
2055,1,1,0,11722.0,1.0
3238,0,0,0,18655.0,1.0
9669,0,1,0,51772.0,1.0
6214,1,1,1,32762.0,1.0
1180,1,1,1,7791.0,1.0
5407,0,0,0,28884.0,1.0
3948,0,1,0,22427.0,1.0
3566,0,1,0,20356.0,1.0
6460,0,0,0,34281.0,1.0
7524,0,1,0,40593.0,1.0
4829,0,0,0,26955.0,1.0
1562,1,1,1,9453.0,1.0
4819,0,0,0,26928.0,1.0
1453,1,1,1,8938.0,1.0
7039,1,1,0,37714.0,1.0
1660,1,1,1,9921.0,1.0
5741,0,0,0,30040.0,1.0
96,1,1,1,2536.0,1.0
7594,0,1,0,40943.0,1.0
7488,0,0,0,40364.0,1.0
7122,0,1,0,38262.0,1.0
1791,0,0,0,10406.0,0.0
2770,0,0,0,16302.0,1.0
2039,1,1,1,11629.0,1.0
7168,0,1,0,38460.0,1.0
2620,1,1,0,15585.0,1.0
9230,0,0,0,49480.0,1.0
7656,1,1,0,41218.0,1.0
8681,1,1,0,46447.0,1.0
735,1,1,1,6191.0,1.0
5709,0,0,0,29911.0,1.0
2701,1,1,0,16004.0,1.0
4271,0,0,0,24287.0,1.0
6461,0,1,0,34284.0,1.0
1740,0,0,0,10214.0,1.0
9537,0,0,0,51070.0,1.0
7728,0,0,0,41648.0,1.0
4176,0,0,0,23882.0,1.0
3405,0,1,0,19606.0,1.0
3995,0,0,0,22688.0,1.0
1446,0,0,0,8916.0,1.0
9215,0,1,0,49358.0,1.0
7661,1,1,0,41223.0,1.0
496,0,0,0,5171.0,1.0
3295,0,0,0,18990.0,1.0
8660,1,1,0,46340.0,1.0
8324,0,0,0,44774.0,1.0
2388,0,1,0,14492.0,1.0
8290,1,1,0,44692.0,1.0
9040,0,0,0,48415.0,0.0
9377,1,1,0,50092.0,1.0
4722,0,1,0,26516.0,1.0
8466,0,1,0,45467.0,1.0
4708,0,0,0,26416.0,0.0
8329,0,0,0,44781.0,1.0
4712,1,1,1,26453.0,1.0
10106,0,1,0,54608.0,1.0
1208,0,0,0,7935.0,1.0
1509,0,0,0,9227.0,1.0
3795,0,1,0,21576.0,1.0
8359,0,0,0,44926.0,1.0
9727,1,1,0,52137.0,1.0
2199,0,0,0,12924.0,1.0
8323,0,1,0,44773.0,1.0
2777,1,1,0,16354.0,1.0
673,0,0,0,6052.0,1.0
311,0,0,0,4483.0,1.0
1508,1,1,1,9226.0,1.0
5516,1,1,1,29206.0,1.0
295,0,0,0,4406.0,0.0
1576,1,1,1,9517.0,1.0
373,1,1,1,4719.0,1.0
7248,1,1,1,38940.0,1.0
1765,1,1,0,10339.0,1.0
3401,0,0,0,19593.0,1.0
6912,0,1,0,36868.0,1.0
6864,0,0,0,36485.0,0.0
7778,0,1,0,41926.0,1.0
1732,0,1,0,10185.0,1.0
3125,0,0,0,17918.0,1.0
1123,1,1,1,7610.0,1.0
3721,1,1,0,21143.0,1.0
5964,0,0,0,31382.0,1.0
6119,0,0,0,32157.0,1.0
8603,0,0,0,46143.0,1.0
5302,0,0,0,28558.0,1.0
2122,0,0,0,12191.0,0.0
9102,1,1,1,48734.0,1.0
5993,1,1,0,31491.0,1.0
9478,0,1,0,50628.0,1.0
4572,0,1,0,25953.0,1.0
5700,0,1,0,29897.0,1.0
5859,0,1,0,30694.0,1.0
8207,1,1,0,44175.0,1.0
3039,0,0,0,17391.0,1.0
3315,0,0,0,19043.0,1.0
7236,0,0,0,38889.0,0.0
483,0,0,0,5095.0,1.0
8483,0,0,0,45568.0,1.0
2732,1,1,0,16153.0,1.0
3616,0,0,0,20598.0,1.0
259,0,1,0,4184.0,1.0
668,1,1,0,6035.0,1.0
31,1,1,1,1980.0,1.0
35,1,1,0,2027.0,1.0
251,1,1,1,4162.0,1.0
8770,1,1,1,46851.0,1.0
10125,0,1,0,54689.0,
8097,0,1,0,43670.0,1.0
761,1,1,1,6269.0,1.0
10064,0,0,0,54342.0,1.0
9720,0,0,0,52097.0,1.0
346,0,0,0,4605.0,1.0
5834,0,0,0,30485.0,1.0
10013,0,0,0,53951.0,1.0
8873,0,0,0,47441.0,0.0
7484,0,0,0,40326.0,1.0
7865,1,1,0,42448.0,1.0
4619,0,0,0,26194.0,1.0
7480,0,1,0,40294.0,1.0
8811,0,0,0,47073.0,1.0
5382,0,1,0,28787.0,1.0
2215,0,0,0,13083.0,1.0
80,0,0,0,2368.0,0.0
5849,1,1,0,30631.0,1.0
6393,1,1,1,33842.0,1.0
5961,0,0,0,31373.0,0.0
7220,1,1,0,38836.0,1.0
3880,0,0,0,22040.0,1.0
9317,0,0,0,49845.0,0.0
2287,0,0,0,13793.0,0.0
7420,0,1,0,40027.0,1.0
9896,0,0,0,53165.0,1.0
119,1,1,1,2651.0,1.0
9674,0,0,0,51838.0,1.0
303,1,1,0,4444.0,1.0
3635,1,1,0,20718.0,1.0
2927,0,0,0,16972.0,1.0
9771,0,0,0,52330.0,0.0
4907,0,0,0,27263.0,1.0
1558,1,1,1,9440.0,1.0
3015,1,1,0,17295.0,1.0
8998,0,0,0,48166.0,1.0
937,0,0,0,6974.0,1.0
6584,0,1,0,34899.0,1.0
5532,0,0,0,29248.0,1.0
5620,0,0,0,29668.0,0.0
8156,0,0,0,43862.0,1.0
6179,1,1,1,32498.0,1.0
1121,0,0,0,7605.0,
315,1,1,0,4495.0,1.0
6897,1,1,0,36766.0,1.0
4506,0,0,0,25629.0,1.0
335,1,1,1,4587.0,1.0
1631,0,1,0,9771.0,1.0
1718,0,0,0,10124.0,1.0
3287,0,0,0,18960.0,1.0
5225,0,0,0,28338.0,1.0
1472,1,1,0,9024.0,1.0
2470,0,0,0,14941.0,1.0
4631,0,0,0,26217.0,1.0
7607,0,0,0,41028.0,1.0
3393,1,1,0,19552.0,1.0
2067,0,0,0,11855.0,1.0
9398,0,0,0,50222.0,1.0
7482,0,1,0,40324.0,1.0
9584,0,0,0,51332.0,1.0
9827,0,0,0,52612.0,1.0
8028,0,0,0,43316.0,1.0
6545,0,0,0,34739.0,0.0
5657,1,1,0,29808.0,1.0
3688,1,1,0,20940.0,1.0
5306,0,0,0,28567.0,0.0
3742,1,1,1,21247.0,1.0
2127,1,1,1,12242.0,1.0
1413,0,0,0,8728.0,0.0
5424,1,1,1,28948.0,1.0
1901,0,0,0,10995.0,1.0
6992,0,0,0,37368.0,1.0
3870,0,0,0,21998.0,0.0
6550,1,1,0,34758.0,1.0
4641,0,0,0,26239.0,1.0
5826,0,0,0,30455.0,0.0
6885,0,0,0,36677.0,1.0
4696,0,0,0,26384.0,1.0
8534,1,1,1,45763.0,1.0
7144,0,0,0,38390.0,1.0
7699,1,1,0,41444.0,1.0
6389,1,1,1,33810.0,1.0
1965,0,1,0,11314.0,1.0
2335,0,0,0,14158.0,1.0
1617,1,1,1,9673.0,1.0
3785,0,0,0,21522.0,1.0
8183,0,0,0,44050.0,1.0
3305,0,0,0,19019.0,1.0
9345,0,0,0,49979.0,0.0
9229,0,0,0,49479.0,0.0
6811,0,0,0,36186.0,1.0
9165,1,1,1,48964.0,1.0
1568,0,0,0,9482.0,1.0
2498,0,0,0,15020.0,1.0
8511,1,1,0,45703.0,1.0
8640,0,0,0,46258.0,1.0
4564,0,0,0,25910.0,0.0
450,1,1,1,4968.0,1.0
5667,1,1,0,29826.0,1.0
4486,0,0,0,25474.0,1.0
9801,0,0,0,52511.0,1.0
5419,1,1,1,28920.0,1.0
2029,0,0,0,11563.0,1.0
5128,0,0,0,28027.0,1.0
9420,0,0,0,50332.0,1.0
2833,0,0,0,16572.0,1.0
8037,0,0,0,43369.0,0.0
6215,1,1,1,32767.0,1.0
8151,0,0,0,43854.0,1.0
6332,0,1,0,33514.0,1.0
9142,0,0,0,48926.0,0.0
4824,0,0,0,26934.0,1.0
9533,1,1,0,51051.0,1.0
1318,0,1,0,8340.0,1.0
6323,1,1,1,33460.0,1.0
7932,0,1,0,42814.0,1.0
3614,1,1,0,20596.0,1.0
4952,0,1,0,27441.0,1.0
4791,0,1,0,26801.0,1.0
9945,1,1,0,53438.0,1.0
8929,1,1,1,47821.0,1.0
8218,0,0,0,44214.0,1.0
6865,1,1,0,36504.0,1.0
8992,0,0,0,48103.0,1.0
532,0,0,0,5377.0,1.0
321,0,0,0,4512.0,1.0
8346,0,1,0,44849.0,1.0
7727,0,0,0,41645.0,1.0
6867,1,1,0,36515.0,1.0
4401,0,0,0,24949.0,1.0
7807,0,0,0,42159.0,1.0
5944,1,1,1,31229.0,1.0
8898,0,0,0,47640.0,0.0
4395,1,1,0,24929.0,1.0
9092,0,0,0,48694.0,1.0
3123,0,0,0,17911.0,1.0
8280,1,1,1,44631.0,1.0
3984,0,0,0,22651.0,1.0
10150,0,0,0,54850.0,0.0
6851,1,1,1,36409.0,1.0
7019,0,0,0,37543.0,0.0
3942,0,0,0,22398.0,1.0
7882,0,1,0,42554.0,1.0
1360,1,1,1,8464.0,1.0
4407,0,1,0,24964.0,1.0
8140,0,0,0,43834.0,1.0
5688,0,0,0,29875.0,0.0
9305,1,1,0,49761.0,1.0
1569,1,1,1,9483.0,1.0
5399,0,0,0,28858.0,1.0
7578,1,1,0,40829.0,1.0
4387,0,0,0,24869.0,1.0
9056,1,1,0,48462.0,1.0
8950,1,1,0,47875.0,1.0
2884,1,1,1,16727.0,1.0
2602,0,1,0,15509.0,1.0
8946,0,0,0,47865.0,1.0
7094,1,1,1,38079.0,1.0
4541,0,0,0,25801.0,1.0
2802,0,0,0,16460.0,1.0
9021,0,1,0,48371.0,1.0
106,1,1,1,2567.0,1.0
500,0,1,0,5206.0,1.0
3392,0,0,0,19550.0,1.0
1501,1,1,1,9184.0,1.0
7260,0,1,0,39082.0,1.0
7510,0,1,0,40509.0,1.0
3146,1,1,0,18042.0,1.0
3761,1,1,1,21341.0,1.0
655,0,1,0,5992.0,1.0
4981,0,1,0,27545.0,1.0
4429,0,0,0,25108.0,1.0
2614,1,1,0,15543.0,1.0
8596,1,1,1,46133.0,1.0
9929,0,0,0,53293.0,0.0
6888,0,0,0,36688.0,1.0
2638,0,0,0,15667.0,0.0
518,0,0,0,5310.0,1.0
1087,0,0,0,7527.0,1.0
6058,1,1,1,31875.0,1.0
8645,1,1,0,46263.0,1.0
8413,0,0,0,45226.0,1.0
7148,1,1,1,38400.0,1.0
3706,1,1,1,21036.0,1.0
5304,0,0,0,28561.0,1.0
9278,1,1,0,49654.0,1.0
590,1,1,1,5701.0,1.0
7596,0,1,0,40953.0,1.0
3532,0,0,0,20209.0,1.0
2157,0,0,0,12486.0,1.0
3526,0,0,0,20179.0,0.0
5298,0,0,0,28547.0,1.0
29,1,1,1,1974.0,1.0
2098,0,0,0,11986.0,1.0
3204,0,0,0,18433.0,0.0
1408,0,0,0,8686.0,1.0
10041,0,0,0,54240.0,1.0
9081,1,1,0,48620.0,1.0
4766,0,0,0,26711.0,1.0
1217,0,0,0,7953.0,1.0
5402,1,1,0,28873.0,1.0
3329,0,0,0,19189.0,1.0
7257,0,0,0,39048.0,1.0
3422,0,0,0,19648.0,0.0
3971,0,1,0,22588.0,1.0
4949,0,0,0,27431.0,1.0
3309,0,1,0,19027.0,1.0
5719,0,0,0,29950.0,1.0
1188,0,1,0,7838.0,1.0
108,1,1,0,2577.0,1.0
9447,0,1,0,50510.0,1.0
6223,0,0,0,32786.0,1.0
5317,0,0,0,28589.0,1.0
8889,0,0,0,47584.0,0.0
5980,0,1,0,31460.0,1.0
9893,0,1,0,53148.0,1.0
794,0,1,0,6425.0,1.0
5991,1,1,0,31484.0,1.0
4772,0,0,0,26719.0,0.0
10110,0,0,0,54613.0,1.0
4898,0,1,0,27202.0,1.0
3443,0,0,0,19707.0,1.0
5146,0,0,0,28114.0,1.0
5294,0,1,0,28540.0,1.0
8745,0,0,0,46735.0,0.0
9279,1,1,0,49657.0,1.0
3210,0,1,0,18479.0,1.0
6433,0,1,0,34175.0,1.0
3127,0,0,0,17933.0,1.0
3543,0,1,0,20252.0,1.0
8214,0,1,0,44190.0,1.0
2319,1,1,1,14059.0,1.0
3133,0,1,0,17971.0,1.0
8963,0,0,0,47962.0,1.0
2589,0,0,0,15435.0,0.0
8882,1,1,0,47513.0,1.0
683,1,1,1,6080.0,1.0
6832,1,1,0,36332.0,1.0
4303,0,1,0,24466.0,1.0
1880,1,1,1,10819.0,1.0
8358,0,0,0,44919.0,1.0
5398,0,1,0,28854.0,1.0
2405,0,0,0,14594.0,1.0
1253,1,1,1,8133.0,1.0
2178,0,1,0,12746.0,1.0
6672,0,0,0,35402.0,1.0
8326,0,1,0,44778.0,1.0
2009,0,0,0,11493.0,0.0
293,0,1,0,4393.0,1.0
1803,0,1,0,10431.0,1.0
1347,1,1,1,8432.0,1.0
2960,1,1,1,17108.0,1.0
318,1,1,1,4503.0,1.0
5204,0,0,0,28264.0,1.0
2348,0,0,0,14210.0,1.0
6559,0,0,0,34808.0,0.0
8771,0,0,0,46859.0,1.0
9371,1,1,0,50057.0,1.0
10149,0,1,0,54849.0,1.0
6029,1,1,1,31707.0,1.0
8740,0,1,0,46710.0,1.0
4279,0,1,0,24330.0,1.0
1512,0,0,0,9238.0,1.0
6343,0,0,0,33597.0,1.0
14,1,1,1,1485.0,1.0
5638,0,0,0,29746.0,0.0
4771,0,0,0,26718.0,1.0
576,1,1,1,5638.0,1.0
2943,0,0,0,17039.0,1.0
9383,1,1,1,50129.0,1.0
2592,0,0,0,15440.0,1.0
1575,1,1,1,9515.0,1.0
9541,0,1,0,51080.0,1.0
4354,0,0,0,24724.0,0.0
6950,1,1,1,37054.0,1.0
4521,1,1,1,25716.0,1.0
4598,0,0,0,26090.0,1.0
8960,0,0,0,47940.0,1.0
2391,0,1,0,14512.0,1.0
1147,0,0,0,7675.0,1.0
3021,0,1,0,17309.0,1.0
960,1,1,1,7086.0,1.0
5748,0,0,0,30093.0,1.0
3231,0,0,0,18607.0,1.0
7325,1,1,0,39443.0,1.0
9716,1,1,1,52059.0,1.0
5824,0,0,0,30451.0,1.0
4064,0,0,0,23183.0,1.0
1183,1,1,1,7824.0,1.0
6429,1,1,0,34171.0,1.0
92,1,1,1,2517.0,1.0
2288,0,0,0,13794.0,1.0
8863,0,1,0,47361.0,
6681,0,0,0,35476.0,0.0
5983,1,1,0,31470.0,1.0
1650,1,1,1,9873.0,1.0
10058,0,0,0,54284.0,0.0
7103,1,1,1,38162.0,1.0
6395,1,1,1,33859.0,1.0
2406,0,0,0,14597.0,1.0
2680,1,1,0,15940.0,1.0
6698,0,0,0,35556.0,1.0
10054,0,1,0,54267.0,1.0
7781,1,1,0,41965.0,1.0
6064,1,1,0,31887.0,1.0
5339,0,0,0,28635.0,1.0
7839,0,0,0,42296.0,0.0
10027,0,1,0,54150.0,1.0
758,0,0,0,6259.0,1.0
623,1,1,1,5841.0,
1897,0,0,0,10986.0,0.0
5354,0,1,0,28667.0,1.0
2036,1,1,0,11587.0,1.0
4055,0,0,0,23138.0,0.0
1022,1,1,1,7312.0,1.0
4687,0,0,0,26369.0,1.0
4341,0,0,0,24669.0,0.0
542,0,0,0,5445.0,1.0
6181,0,1,0,32532.0,1.0
6451,0,1,0,34223.0,1.0
9222,0,0,0,49411.0,1.0
1056,1,1,0,7435.0,1.0
6740,0,0,0,35815.0,0.0
1068,0,0,0,7479.0,1.0
9894,0,0,0,53156.0,1.0
7300,1,1,0,39333.0,1.0
1090,0,1,0,7532.0,1.0
2932,1,1,0,16996.0,1.0
4394,1,1,1,24927.0,1.0
1835,0,1,0,10579.0,1.0
624,1,1,0,5845.0,
8288,0,1,0,44663.0,1.0
7875,0,0,0,42507.0,0.0
3881,1,1,1,22043.0,1.0
388,1,1,1,4751.0,1.0
3126,0,1,0,17919.0,1.0
3412,1,1,0,19626.0,1.0
7324,1,1,0,39442.0,1.0
1758,0,0,0,10303.0,1.0
8576,0,0,0,46003.0,1.0
6914,0,0,0,36871.0,0.0
9334,0,0,0,49928.0,1.0
3519,1,1,1,20158.0,1.0
4894,0,1,0,27170.0,1.0
8688,0,0,0,46508.0,1.0
88,0,1,0,2472.0,1.0
510,1,1,1,5262.0,1.0
1432,0,0,0,8813.0,1.0
4076,1,1,0,23239.0,1.0
9190,0,0,0,49138.0,1.0
7038,0,1,0,37706.0,1.0
2232,1,1,1,13250.0,1.0
6014,0,1,0,31612.0,1.0
3094,0,0,0,17717.0,0.0
2507,0,0,0,15059.0,1.0
733,0,1,0,6188.0,1.0
3963,1,1,0,22520.0,1.0
8113,1,1,1,43746.0,1.0
7016,0,1,0,37529.0,1.0
1441,1,1,1,8904.0,1.0
5325,0,0,0,28602.0,0.0
5349,0,0,0,28658.0,1.0
416,1,1,1,4850.0,1.0
7188,0,1,0,38556.0,1.0
6953,1,1,1,37078.0,1.0
4284,0,0,0,24366.0,0.0
9042,1,1,0,48417.0,1.0
3535,1,1,0,20215.0,1.0
8870,1,1,0,47425.0,0.0
5227,0,0,0,28340.0,1.0
3746,0,0,0,21259.0,1.0
5011,0,0,0,27619.0,1.0
900,1,1,1,6819.0,1.0
399,1,1,1,4804.0,1.0
5234,1,1,0,28364.0,1.0
6237,0,0,0,32877.0,1.0
4151,0,1,0,23734.0,1.0
4181,0,0,0,23909.0,1.0
9568,0,0,0,51207.0,1.0
4518,0,1,0,25681.0,1.0
2108,0,1,0,12066.0,1.0
3464,0,1,0,19818.0,1.0
4510,0,0,0,25661.0,1.0
8244,0,0,0,44349.0,0.0
6784,0,1,0,36018.0,1.0
8399,0,0,0,45186.0,1.0
10057,0,0,0,54283.0,1.0
9342,0,0,0,49970.0,1.0
6982,0,0,0,37268.0,1.0
1111,1,1,1,7581.0,1.0
8193,1,1,0,44097.0,1.0
2239,1,1,0,13280.0,1.0
8021,0,0,0,43266.0,1.0
5928,0,0,0,31088.0,1.0
5650,1,1,1,29789.0,1.0
8416,0,0,0,45232.0,1.0
1785,0,0,0,10396.0,0.0
360,0,0,0,4657.0,1.0
2119,0,1,0,12162.0,1.0
291,0,0,0,4363.0,0.0
6834,0,0,0,36353.0,1.0
101,1,1,1,2547.0,1.0
8928,0,0,0,47820.0,1.0
3043,0,1,0,17424.0,1.0
932,1,1,1,6954.0,1.0
7773,1,1,0,41905.0,1.0
4132,1,1,1,23633.0,1.0
5281,1,1,0,28502.0,1.0
9020,0,0,0,48361.0,1.0
2913,0,0,0,16864.0,1.0
1626,1,1,0,9747.0,1.0
6918,0,0,0,36881.0,1.0
1921,0,0,0,11054.0,1.0
1941,0,1,0,11124.0,1.0
6536,1,1,1,34669.0,1.0
8814,1,1,0,47077.0,1.0
2519,0,1,0,15090.0,1.0
6921,0,1,0,36884.0,1.0
3646,0,0,0,20760.0,0.0
563,1,1,1,5554.0,1.0
3482,1,1,1,19922.0,1.0
7868,0,0,0,42466.0,1.0
4368,0,0,0,24754.0,1.0
3071,1,1,0,17586.0,1.0
713,1,1,1,6150.0,1.0
63,1,1,1,2262.0,1.0
2588,0,1,0,15434.0,1.0
3728,0,0,0,21199.0,1.0
4706,0,0,0,26411.0,1.0
8484,0,1,0,45584.0,1.0
8450,0,1,0,45393.0,1.0
9269,0,0,0,49642.0,0.0
10012,1,1,0,53921.0,1.0
1953,0,0,0,11227.0,1.0
6965,0,0,0,37197.0,1.0
245,1,1,1,4147.0,1.0
2340,1,1,1,14189.0,1.0
7940,1,1,1,42874.0,1.0
3574,1,1,1,20389.0,1.0
1112,0,0,0,7582.0,1.0
8987,1,1,0,48078.0,1.0
6498,0,0,0,34535.0,0.0
333,1,1,1,4573.0,1.0
7142,0,1,0,38386.0,1.0
6125,0,1,0,32207.0,1.0
1076,0,0,0,7497.0,
9468,0,0,0,50584.0,1.0
263,0,0,0,4219.0,1.0
9227,0,1,0,49469.0,1.0
5013,0,1,0,27629.0,1.0
8257,1,1,0,44452.0,1.0
5014,1,1,1,27635.0,1.0
6974,1,1,1,37244.0,1.0
5431,1,1,1,28992.0,1.0
1964,0,0,0,11308.0,1.0
5974,1,1,1,31443.0,1.0
5884,0,1,0,30938.0,1.0
5359,1,1,0,28680.0,1.0
5581,0,1,0,29469.0,1.0
367,0,0,0,4677.0,1.0
8296,0,0,0,44713.0,0.0
5337,0,0,0,28632.0,1.0
4975,1,1,0,27533.0,1.0
952,0,0,0,7049.0,1.0
4759,0,1,0,26698.0,1.0
4554,0,0,0,25841.0,1.0
4161,1,1,1,23778.0,1.0
3869,0,0,0,21991.0,1.0
4194,1,1,0,23979.0,1.0
2815,0,0,0,16503.0,1.0
2145,0,1,0,12407.0,1.0
7572,0,1,0,40784.0,1.0
9226,1,1,0,49454.0,1.0
9323,0,0,0,49872.0,1.0
2907,1,1,0,16840.0,1.0
7712,0,0,0,41552.0,1.0
76,1,1,1,2322.0,1.0
3941,1,1,0,22367.0,1.0
3684,0,0,0,20921.0,1.0
4113,1,1,1,23514.0,1.0
6572,0,0,0,34856.0,1.0
5702,0,0,0,29899.0,1.0
6382,0,0,0,33754.0,1.0
6866,0,0,0,36514.0,1.0
8694,0,0,0,46523.0,0.0
4326,0,0,0,24603.0,1.0
8741,0,0,0,46712.0,0.0
6836,1,1,1,36371.0,1.0
958,0,0,0,7080.0,1.0
3,1,1,1,1195.0,1.0
647,0,1,0,5959.0,1.0
8131,0,0,0,43786.0,1.0
1795,0,0,0,10419.0,1.0
290,0,0,0,4360.0,0.0
765,1,1,1,6275.0,1.0
4397,1,1,0,24933.0,1.0
5417,0,0,0,28905.0,1.0
1247,0,0,0,8114.0,1.0
1669,1,1,1,9950.0,1.0
7334,1,1,0,39493.0,1.0
9794,0,0,0,52465.0,0.0
2709,0,1,0,16023.0,1.0
9134,0,0,0,48909.0,1.0
8699,0,1,0,46534.0,1.0
135,1,1,1,3452.0,1.0
9219,0,0,0,49403.0,0.0
4403,1,1,1,24953.0,1.0
5508,0,0,0,29193.0,1.0
9045,0,1,0,48430.0,1.0
8137,0,0,0,43822.0,1.0
3148,1,1,1,18065.0,1.0
4852,0,0,0,26998.0,1.0
8192,0,0,0,44090.0,1.0
7448,0,0,0,40221.0,1.0
4192,0,0,0,23971.0,1.0
5094,0,1,0,27920.0,1.0
2769,1,1,0,16298.0,1.0
2483,1,1,0,14973.0,1.0
6523,0,0,0,34640.0,1.0
8157,0,0,0,43864.0,1.0
6586,0,1,0,34902.0,1.0
5848,1,1,1,30630.0,1.0
5173,1,1,0,28179.0,1.0
6729,0,0,0,35720.0,0.0
330,0,0,0,4540.0,1.0
8593,0,0,0,46124.0,0.0
9068,0,0,0,48512.0,1.0
970,1,1,1,7113.0,1.0
4762,0,0,0,26707.0,1.0
3208,1,1,0,18451.0,1.0
8452,0,0,0,45400.0,0.0
1145,0,1,0,7673.0,1.0
5418,0,0,0,28906.0,0.0
381,0,0,0,4739.0,1.0
2444,0,0,0,14745.0,1.0
4170,0,0,0,23860.0,1.0
3065,0,1,0,17566.0,1.0
704,1,1,1,6128.0,1.0
850,1,1,1,6602.0,1.0
9651,0,0,0,51662.0,0.0
8406,0,1,0,45208.0,1.0
8715,0,0,0,46615.0,1.0
9848,0,0,0,52744.0,0.0
3780,0,0,0,21478.0,1.0
3753,1,1,0,21292.0,1.0
2968,0,0,0,17137.0,1.0
10129,0,1,0,54720.0,1.0
3813,0,1,0,21639.0,1.0
9003,0,0,0,48232.0,1.0
1862,0,1,0,10728.0,1.0
7663,0,1,0,41238.0,1.0
1618,0,0,0,9677.0,1.0
4099,0,0,0,23419.0,1.0
8374,1,1,1,45064.0,1.0
1026,1,1,0,7322.0,1.0
4867,1,1,0,27038.0,1.0
9249,0,1,0,49527.0,1.0
8034,0,0,0,43362.0,1.0
2184,0,1,0,12785.0,1.0
5405,1,1,1,28880.0,1.0
8027,0,0,0,43312.0,1.0
2586,0,0,0,15420.0,1.0
4573,0,0,0,25954.0,1.0
8698,1,1,0,46531.0,1.0
3404,0,0,0,19604.0,0.0
7542,0,0,0,40692.0,1.0
9916,1,1,0,53210.0,1.0
6378,1,1,0,33747.0,1.0
1339,0,0,0,8410.0,1.0
3921,0,1,0,22244.0,
8993,1,1,1,48121.0,1.0
7999,1,1,1,43213.0,1.0
9364,0,0,0,50045.0,1.0
1084,0,0,0,7523.0,1.0
6161,0,0,0,32389.0,1.0
3745,0,0,0,21253.0,1.0
2152,1,1,1,12456.0,1.0
5551,0,1,0,29292.0,1.0
2678,0,1,0,15936.0,1.0
1595,1,1,0,9580.0,1.0
144,0,0,0,3563.0,1.0
9387,0,1,0,50146.0,1.0
6719,0,0,0,35659.0,1.0
8857,1,1,0,47314.0,1.0
4528,0,0,0,25731.0,1.0
4339,0,0,0,24652.0,0.0
2970,0,1,0,17141.0,1.0
9375,0,0,0,50066.0,1.0
7359,0,0,0,39680.0,1.0
1730,1,1,0,10179.0,1.0
2316,0,0,0,14054.0,1.0
6196,0,0,0,32687.0,1.0
6372,0,0,0,33738.0,1.0
3460,0,0,0,19809.0,1.0
2889,0,0,0,16736.0,1.0
8982,0,1,0,48047.0,1.0
8637,0,0,0,46254.0,1.0
6328,0,0,0,33474.0,1.0
2465,0,0,0,14878.0,0.0
8674,0,0,0,46412.0,1.0
2213,0,0,0,13069.0,1.0
5265,0,0,0,28461.0,1.0
9723,1,1,0,52116.0,1.0
7209,0,1,0,38717.0,0.0
4010,1,1,0,22761.0,1.0
8835,0,1,0,47248.0,1.0
6176,0,1,0,32470.0,1.0
1807,0,0,0,10443.0,1.0
3338,1,1,0,19249.0,1.0
9514,1,1,0,50925.0,1.0
4294,0,0,0,24430.0,1.0
9037,1,1,0,48405.0,1.0
5328,0,0,0,28607.0,1.0
1954,0,0,0,11229.0,1.0
0,1,1,1,1105.0,1.0
1254,1,1,1,8134.0,1.0
8518,0,0,0,45724.0,0.0
543,0,0,0,5452.0,1.0
1825,1,1,1,10523.0,1.0
349,0,0,0,4608.0,1.0
4617,0,1,0,26188.0,1.0
1599,0,0,0,9595.0,1.0
5982,1,1,0,31463.0,1.0
3643,1,1,1,20752.0,1.0
6105,0,0,0,32065.0,1.0
457,0,0,0,4984.0,1.0
3251,0,0,0,18750.0,1.0
6547,1,1,0,34748.0,1.0
6330,0,1,0,33481.0,1.0
10146,0,0,0,54833.0,0.0
6225,0,0,0,32804.0,1.0
5564,1,1,1,29415.0,1.0
5769,0,1,0,30146.0,1.0
131,1,1,1,3388.0,1.0
6825,1,1,0,36275.0,1.0
7323,1,1,0,39440.0,1.0
10109,0,1,0,54612.0,1.0
7247,1,1,0,38939.0,1.0
3263,0,0,0,18845.0,1.0
8475,0,1,0,45507.0,1.0
2691,1,1,1,15974.0,1.0
1597,0,0,0,9590.0,1.0
8784,0,0,0,46889.0,0.0
9504,1,1,0,50827.0,1.0
4080,0,0,0,23287.0,1.0
2478,0,0,0,14955.0,0.0
9588,0,0,0,51363.0,1.0
4250,0,1,0,24215.0,1.0
592,0,0,0,5716.0,1.0
3334,0,1,0,19199.0,1.0
4476,0,0,0,25394.0,1.0
1737,0,0,0,10197.0,1.0
6636,1,1,0,35226.0,1.0
1369,1,1,1,8513.0,1.0
6754,0,1,0,35895.0,1.0
795,1,1,1,6426.0,1.0
5441,0,1,0,29015.0,1.0
1543,1,1,1,9383.0,1.0
1156,0,0,0,7703.0,1.0
4418,0,0,0,25074.0,0.0
8003,1,1,0,43218.0,1.0
1794,1,1,1,10418.0,1.0
4337,0,0,0,24647.0,1.0
3481,0,1,0,19921.0,1.0
5157,0,1,0,28138.0,1.0
1691,1,1,0,10018.0,1.0
2807,0,0,0,16480.0,1.0
1851,0,0,0,10667.0,0.0
7499,0,0,0,40469.0,1.0
8923,0,1,0,47774.0,1.0
9483,1,1,0,50658.0,1.0
856,1,1,1,6626.0,1.0
3833,0,0,0,21777.0,1.0
265,1,1,1,4223.0,1.0
3244,0,1,0,18725.0,1.0
4649,0,1,0,26259.0,1.0
8161,1,1,0,43890.0,1.0
1160,0,0,0,7711.0,0.0
4863,0,0,0,27024.0,0.0
9294,1,1,0,49740.0,1.0
7131,0,0,0,38324.0,1.0
8128,0,0,0,43780.0,1.0
3160,1,1,0,18157.0,1.0
7826,0,0,0,42209.0,1.0
316,1,1,1,4496.0,1.0
6785,0,0,0,36019.0,0.0
5414,0,0,0,28894.0,0.0
3817,0,0,0,21678.0,1.0
2664,0,0,0,15820.0,1.0
5379,1,1,0,28778.0,1.0
2233,0,0,0,13251.0,1.0
3079,0,1,0,17636.0,1.0
4248,0,0,0,24213.0,1.0
6202,0,0,0,32706.0,1.0
1658,0,0,0,9900.0,1.0
1224,0,1,0,7970.0,1.0
5605,0,0,0,29592.0,1.0
6453,0,0,0,34227.0,1.0
2870,0,0,0,16693.0,1.0
4210,1,1,0,24063.0,1.0
103,1,1,0,2553.0,1.0
7808,0,0,0,42164.0,0.0
2392,1,1,0,14515.0,1.0
5905,1,1,1,30990.0,1.0
2753,0,0,0,16219.0,0.0
5576,0,1,0,29454.0,1.0
8788,0,0,0,46912.0,1.0
5121,0,0,0,28003.0,1.0
8270,0,1,0,44550.0,1.0
8040,0,0,0,43377.0,1.0
1886,0,0,0,10868.0,0.0
9915,1,1,0,53204.0,1.0
4522,0,0,0,25717.0,1.0
9335,0,0,0,49932.0,1.0
3784,1,1,1,21516.0,1.0
4288,0,0,0,24389.0,1.0
5646,0,0,0,29781.0,0.0
5245,0,0,0,28388.0,1.0
9085,0,0,0,48643.0,1.0
7928,0,0,0,42794.0,1.0
3016,0,1,0,17296.0,1.0
1923,1,1,0,11058.0,1.0
286,1,1,1,4334.0,1.0
2876,0,1,0,16710.0,1.0
4793,0,0,0,26805.0,1.0
9424,0,0,0,50366.0,0.0
3317,0,1,0,19069.0,1.0
5758,0,0,0,30119.0,1.0
5111,0,0,0,27960.0,1.0
2724,0,0,0,16108.0,1.0
3601,1,1,1,20497.0,1.0
8,1,1,1,1349.0,1.0
5428,1,1,1,28976.0,1.0
6423,0,1,0,34107.0,1.0
9100,0,1,0,48728.0,1.0
7584,0,0,0,40850.0,1.0
3100,1,1,1,17749.0,1.0
4999,0,0,0,27579.0,0.0
2236,0,1,0,13260.0,
567,1,1,1,5567.0,1.0
10045,0,0,0,54252.0,1.0
7907,1,1,1,42698.0,1.0
8661,0,0,0,46351.0,1.0
1780,0,0,0,10379.0,0.0
7076,1,1,1,37992.0,1.0
6355,1,1,0,33664.0,1.0
9448,0,1,0,50511.0,1.0
6474,0,0,0,34359.0,1.0
782,1,1,1,6362.0,1.0
9308,0,0,0,49775.0,1.0
7428,0,0,0,40100.0,1.0
5795,0,0,0,30320.0,0.0
9105,1,1,0,48763.0,1.0
4731,1,1,0,26562.0,1.0
3458,0,0,0,19803.0,1.0
1310,1,1,1,8320.0,1.0
6692,0,0,0,35524.0,1.0
9378,1,1,1,50094.0,1.0
9509,0,0,0,50856.0,1.0
6803,0,0,0,36164.0,1.0
3692,0,0,0,20951.0,1.0
3509,1,1,0,20048.0,1.0
3025,0,0,0,17324.0,1.0
7268,1,1,1,39145.0,1.0
9019,0,0,0,48360.0,1.0
7384,0,0,0,39794.0,1.0
764,0,0,0,6274.0,1.0
7775,0,0,0,41911.0,1.0
1149,1,1,1,7681.0,1.0
8991,1,1,0,48100.0,1.0
1496,0,0,0,9160.0,1.0
36,1,1,1,2030.0,1.0
7281,0,0,0,39244.0,1.0
2826,0,0,0,16545.0,0.0
3207,1,1,1,18448.0,1.0
1107,0,0,0,7574.0,1.0
5833,0,0,0,30479.0,0.0
4808,0,0,0,26898.0,1.0
3061,0,0,0,17559.0,1.0
8509,1,1,0,45699.0,1.0
5627,0,0,0,29698.0,1.0
3905,0,1,0,22132.0,1.0
3873,0,0,0,22017.0,1.0
577,1,1,1,5639.0,1.0
2030,0,0,0,11564.0,1.0
8719,0,0,0,46622.0,1.0
1616,1,1,1,9664.0,1.0
8395,0,1,0,45163.0,1.0
1684,0,0,0,9992.0,1.0
10047,0,0,0,54254.0,1.0
8418,0,0,0,45236.0,1.0
1355,0,0,0,8453.0,1.0
3689,0,0,0,20941.0,1.0
4685,1,1,1,26367.0,1.0
210,1,1,1,4044.0,1.0
9797,0,1,0,52476.0,1.0
2447,0,0,0,14748.0,1.0
4169,0,1,0,23859.0,1.0
8461,1,1,0,45435.0,1.0
6576,0,0,0,34873.0,1.0
6810,0,0,0,36183.0,0.0
3964,1,1,0,22521.0,1.0
7053,0,1,0,37824.0,1.0
8630,1,1,1,46239.0,1.0
637,0,0,0,5922.0,1.0
47,0,0,0,2158.0,1.0
9489,0,0,0,50735.0,1.0
5747,1,1,0,30080.0,1.0
1071,0,0,0,7486.0,
6715,0,0,0,35625.0,0.0
6390,1,1,1,33829.0,1.0
2301,0,1,0,13948.0,1.0
6510,1,1,1,34573.0,1.0
2358,0,1,0,14240.0,1.0
149,0,0,0,3617.0,1.0
4693,0,1,0,26378.0,1.0
3661,0,0,0,20827.0,0.0
6030,1,1,1,31712.0,1.0
2252,1,1,0,13402.0,1.0
3501,0,1,0,20002.0,1.0
10176,0,0,0,55039.0,1.0
7787,0,0,0,42032.0,1.0
6243,0,1,0,32891.0,1.0
5340,0,0,0,28637.0,1.0
8386,1,1,0,45109.0,1.0
3000,0,0,0,17242.0,1.0
5894,0,1,0,30967.0,1.0
1488,1,1,1,9114.0,1.0
6802,1,1,1,36163.0,1.0
4246,0,0,0,24205.0,1.0
533,0,0,0,5387.0,1.0
9810,1,1,1,52549.0,1.0
8401,1,1,1,45197.0,1.0
6085,0,0,0,31945.0,1.0
4254,0,0,0,24227.0,1.0
742,0,0,0,6215.0,1.0
5289,1,1,0,28529.0,1.0
8561,1,1,0,45889.0,1.0
5053,0,0,0,27756.0,0.0
2107,1,1,0,12063.0,1.0
8807,0,0,0,47053.0,1.0
9623,0,0,0,51584.0,
5368,0,0,0,28721.0,1.0
3131,1,1,1,17944.0,1.0
4252,1,1,0,24224.0,1.0
1662,0,0,0,9932.0,1.0
5958,0,0,0,31346.0,1.0
9070,0,0,0,48530.0,1.0
5828,1,1,1,30462.0,1.0
799,1,1,1,6431.0,1.0
7659,0,0,0,41221.0,1.0
9767,0,0,0,52289.0,1.0
4633,0,1,0,26223.0,1.0
4768,0,1,0,26715.0,1.0
1078,1,1,1,7503.0,1.0
6786,1,1,0,36020.0,1.0
1277,1,1,1,8232.0,1.0
8298,0,0,0,44717.0,1.0
2984,0,0,0,17176.0,1.0
5753,0,0,0,30102.0,1.0
4447,0,1,0,25239.0,1.0
586,0,1,0,5687.0,1.0
6373,1,1,1,33739.0,1.0
2020,0,0,0,11528.0,1.0
1199,0,0,0,7907.0,1.0
2473,1,1,0,14945.0,1.0
8758,0,0,0,46780.0,1.0
2522,0,1,0,15145.0,1.0
8617,0,1,0,46211.0,1.0
23,1,1,1,1764.0,1.0
4565,0,0,0,25915.0,1.0
789,1,1,1,6397.0,1.0
2859,0,0,0,16666.0,0.0
9130,1,1,0,48898.0,1.0
7011,0,0,0,37485.0,1.0
1937,0,1,0,11106.0,1.0
10179,0,0,0,55054.0,0.0
6261,0,0,0,33087.0,1.0
8925,0,0,0,47776.0,1.0
6240,0,1,0,32883.0,1.0
3883,0,0,0,22047.0,0.0
4193,0,1,0,23972.0,1.0
605,0,0,0,5778.0,1.0
8615,0,0,0,46202.0,1.0
993,0,0,0,7204.0,1.0
8469,1,1,0,45482.0,1.0
9625,0,0,0,51588.0,1.0
4477,1,1,1,25400.0,1.0
8397,0,0,0,45183.0,1.0
5358,0,0,0,28677.0,0.0
3024,0,0,0,17319.0,1.0
4503,0,1,0,25603.0,1.0
8127,1,1,0,43775.0,1.0
5044,0,0,0,27728.0,1.0
7262,1,1,1,39097.0,1.0
8035,0,1,0,43366.0,1.0
2389,0,0,0,14497.0,1.0
6520,0,0,0,34623.0,1.0
7387,0,0,0,39802.0,1.0
4505,0,0,0,25614.0,1.0
8852,0,1,0,47301.0,1.0
6412,0,0,0,34012.0,1.0
5065,0,0,0,27819.0,1.0
7851,0,0,0,42348.0,1.0
2412,1,1,0,14623.0,1.0
4269,1,1,0,24283.0,1.0
4755,0,0,0,26671.0,1.0
267,1,1,1,4227.0,1.0
4818,0,0,0,26926.0,1.0
10175,0,0,0,55031.0,1.0
8365,1,1,0,44999.0,1.0
1458,1,1,1,8952.0,1.0
7733,0,1,0,41677.0,1.0
965,0,0,0,7106.0,1.0
252,0,0,0,4165.0,1.0
5143,0,0,0,28101.0,1.0
2310,1,1,1,13994.0,1.0
50,0,0,0,2173.0,1.0
4513,0,0,0,25672.0,1.0
872,0,0,0,6718.0,1.0
6553,0,0,0,34768.0,0.0
7366,0,0,0,39706.0,0.0
6083,0,0,0,31929.0,0.0
9934,0,0,0,53321.0,0.0
9592,0,0,0,51378.0,1.0
5936,1,1,0,31148.0,1.0
9604,0,0,0,51435.0,1.0
248,1,1,1,4153.0,1.0
3194,0,0,0,18407.0,1.0
1702,1,1,1,10078.0,1.0
2260,0,0,0,13442.0,1.0
5360,0,0,0,28682.0,0.0
971,1,1,1,7120.0,1.0
3064,0,0,0,17564.0,1.0
3070,0,0,0,17584.0,1.0
7692,1,1,1,41417.0,1.0
2191,0,0,0,12847.0,1.0
1373,1,1,1,8519.0,1.0
8447,0,0,0,45372.0,1.0
9061,1,1,1,48474.0,1.0
9991,0,1,0,53734.0,1.0
447,0,0,0,4962.0,0.0
8843,0,0,0,47279.0,0.0
4035,1,1,1,22966.0,1.0
5544,0,1,0,29270.0,1.0
5506,0,1,0,29190.0,1.0
1760,0,1,0,10321.0,1.0
3184,1,1,0,18371.0,1.0
4961,1,1,1,27493.0,1.0
461,0,0,0,4995.0,1.0
5137,0,0,0,28084.0,1.0
2886,0,1,0,16730.0,1.0
1670,0,0,0,9953.0,1.0
9515,0,1,0,50931.0,1.0
376,1,1,1,4730.0,1.0
410,0,0,0,4822.0,1.0
7820,0,1,0,42194.0,1.0
4864,0,0,0,27026.0,1.0
2835,0,0,0,16578.0,1.0
3463,0,1,0,19817.0,1.0
8435,1,1,0,45320.0,1.0
9228,1,1,1,49476.0,1.0
1155,1,1,1,7700.0,1.0
6639,1,1,1,35234.0,1.0
5603,0,0,0,29585.0,1.0
8625,1,1,1,46227.0,1.0
274,1,1,1,4261.0,1.0
8184,1,1,0,44064.0,1.0
3149,1,1,1,18086.0,1.0
9709,0,0,0,52040.0,0.0
4241,0,0,0,24188.0,1.0
8420,1,1,1,45244.0,1.0
2474,1,1,0,14949.0,1.0
9015,0,0,0,48315.0,1.0
7320,0,1,0,39410.0,1.0
3781,1,1,0,21488.0,1.0
7743,0,0,0,41695.0,1.0
2673,0,0,0,15907.0,1.0
10071,0,1,0,54413.0,1.0
3441,0,0,0,19705.0,1.0
3595,0,0,0,20471.0,1.0
5378,0,0,0,28772.0,1.0
3387,1,1,0,19517.0,1.0
1516,1,1,1,9258.0,1.0
8597,0,1,0,46134.0,1.0
513,0,1,0,5288.0,1.0
5874,0,0,0,30836.0,1.0
9974,0,0,0,53656.0,1.0
9112,0,0,0,48802.0,0.0
921,0,0,0,6905.0,1.0
3110,0,0,0,17864.0,1.0
2748,0,0,0,16191.0,1.0
7563,0,0,0,40762.0,1.0
9882,1,1,0,53032.0,1.0
474,1,1,1,5049.0,1.0
4097,0,0,0,23408.0,1.0
1683,0,0,0,9986.0,1.0
9049,0,0,0,48436.0,1.0
3918,1,1,1,22231.0,1.0
7517,1,1,0,40556.0,1.0
3383,1,1,1,19503.0,1.0
9545,0,0,0,51088.0,1.0
480,0,0,0,5085.0,1.0
7682,0,0,0,41335.0,1.0
6100,0,0,0,32031.0,1.0
6651,1,1,1,35309.0,1.0
6711,0,0,0,35578.0,1.0
4209,1,1,1,24062.0,1.0
3749,0,1,0,21277.0,1.0
1523,1,1,1,9306.0,1.0
6025,0,0,0,31685.0,1.0
1578,1,1,0,9524.0,1.0
4295,0,1,0,24438.0,1.0
8931,0,0,0,47823.0,1.0
5026,0,1,0,27676.0,1.0
6951,1,1,1,37059.0,1.0
7742,1,1,0,41694.0,1.0
4580,0,0,0,26028.0,1.0
2109,0,0,0,12070.0,1.0
7912,0,0,0,42718.0,0.0
3903,0,0,0,22130.0,1.0
8481,0,0,0,45564.0,1.0
8896,0,1,0,47635.0,1.0
8313,0,0,0,44748.0,0.0
8391,0,1,0,45120.0,1.0
7067,0,0,0,37893.0,1.0
7864,0,0,0,42447.0,1.0
3333,0,0,0,19198.0,1.0
7277,0,0,0,39231.0,1.0
1020,1,1,1,7306.0,1.0
705,1,1,1,6129.0,1.0
7951,0,0,0,42937.0,1.0
5799,1,1,0,30344.0,1.0
2417,1,1,1,14658.0,1.0
9745,0,0,0,52223.0,0.0
908,1,1,1,6848.0,1.0
2903,1,1,0,16815.0,1.0
6419,1,1,0,34084.0,1.0
6718,1,1,1,35655.0,1.0
4313,1,1,0,24502.0,1.0
8973,0,0,0,47987.0,1.0
594,0,1,0,5725.0,1.0
4883,0,0,0,27115.0,1.0
440,1,1,1,4939.0,1.0
4047,1,1,1,23045.0,1.0
4328,0,1,0,24616.0,1.0
8250,0,0,0,44400.0,1.0
10,1,1,1,1440.0,1.0
2189,0,0,0,12838.0,1.0
5376,0,0,0,28770.0,1.0
6669,1,1,1,35397.0,1.0
7502,1,1,0,40488.0,1.0
93,0,0,0,2526.0,0.0
1634,0,1,0,9797.0,1.0
8370,0,0,0,45023.0,1.0
2487,1,1,1,14979.0,1.0
5062,0,1,0,27816.0,1.0
4989,0,0,0,27563.0,1.0
7818,0,0,0,42190.0,1.0
292,0,0,0,4391.0,1.0
8191,1,1,1,44088.0,1.0
2707,0,0,0,16017.0,1.0
3011,1,1,0,17286.0,1.0
5819,0,0,0,30437.0,1.0
3037,0,1,0,17381.0,1.0
6137,1,1,1,32293.0,1.0
4689,0,1,0,26371.0,1.0
1330,0,0,0,8382.0,1.0
5665,0,0,0,29824.0,1.0
9316,1,1,0,49842.0,1.0
6778,0,0,0,36005.0,1.0
3660,0,1,0,20818.0,1.0
9784,0,0,0,52390.0,1.0
3023,0,0,0,17314.0,1.0
4720,0,1,0,26506.0,1.0
5861,0,1,0,30699.0,1.0
9311,0,0,0,49808.0,1.0
3720,1,1,0,21140.0,1.0
10016,1,1,0,53971.0,1.0
9239,0,1,0,49509.0,1.0
2737,1,1,0,16170.0,1.0
8221,0,0,0,44224.0,0.0
9024,0,0,0,48384.0,1.0
5653,0,0,0,29797.0,1.0
5902,0,1,0,30984.0,1.0
3704,0,1,0,21030.0,1.0
4957,0,0,0,27459.0,0.0
3378,0,1,0,19474.0,1.0
8109,0,0,0,43728.0,1.0
6113,0,0,0,32143.0,1.0
6507,1,1,0,34567.0,1.0
837,1,1,1,6544.0,1.0
5865,0,0,0,30746.0,1.0
4253,0,1,0,24226.0,1.0
3455,1,1,0,19777.0,1.0
9526,0,0,0,51012.0,1.0
2823,0,0,0,16532.0,1.0
9602,0,0,0,51417.0,1.0
5125,1,1,1,28024.0,1.0
9575,0,1,0,51289.0,1.0
5391,0,0,0,28820.0,1.0
7812,0,1,0,42177.0,1.0
7246,1,1,1,38938.0,1.0
4022,0,0,0,22842.0,1.0
9171,0,0,0,48976.0,1.0
6735,1,1,0,35766.0,1.0
6022,1,1,1,31647.0,1.0
3615,0,0,0,20597.0,1.0
1470,0,1,0,9016.0,1.0
8414,0,0,0,45229.0,1.0
4582,0,0,0,26036.0,0.0
700,1,1,1,6123.0,1.0
6392,1,1,0,33836.0,1.0
9441,0,0,0,50502.0,1.0
7997,1,1,0,43207.0,1.0
2698,0,0,0,16000.0,0.0
7913,0,0,0,42720.0,0.0
9277,1,1,0,49653.0,1.0
4335,1,1,1,24645.0,1.0
5006,0,0,0,27595.0,1.0
5377,1,1,0,28771.0,1.0
2114,1,1,0,12116.0,1.0
3668,1,1,1,20860.0,1.0
5517,0,0,0,29207.0,1.0
3708,0,0,0,21051.0,1.0
9519,0,1,0,50957.0,1.0
5211,0,0,0,28273.0,1.0
8051,0,0,0,43440.0,1.0
5860,0,0,0,30698.0,1.0
1891,0,1,0,10944.0,1.0
2455,0,0,0,14801.0,1.0
9901,0,0,0,53172.0,1.0
7500,0,1,0,40481.0,1.0
3014,0,0,0,17293.0,0.0
5046,0,0,0,27739.0,1.0
9047,1,1,0,48434.0,1.0
4539,0,0,0,25799.0,1.0
7983,0,0,0,43158.0,1.0
603,1,1,1,5774.0,1.0
3677,1,1,1,20895.0,1.0
6827,0,1,0,36316.0,1.0
393,1,1,1,4767.0,1.0
1393,0,0,0,8634.0,1.0
4718,0,0,0,26500.0,0.0
9198,0,0,0,49193.0,1.0
5853,0,0,0,30656.0,1.0
95,1,1,1,2535.0,1.0
6153,1,1,1,32369.0,1.0
2453,0,0,0,14784.0,1.0
2534,0,1,0,15192.0,1.0
9673,0,1,0,51831.0,1.0
1883,1,1,1,10852.0,1.0
10163,0,1,0,54936.0,1.0
7471,1,1,1,40283.0,1.0
1530,0,1,0,9330.0,1.0
1805,1,1,1,10435.0,1.0
4023,0,0,0,22858.0,1.0
10062,0,1,0,54315.0,1.0
4480,0,0,0,25406.0,1.0
6707,0,0,0,35573.0,1.0
1418,0,0,0,8774.0,1.0
5547,1,1,1,29278.0,1.0
6492,0,0,0,34478.0,1.0
4983,1,1,0,27548.0,1.0
9434,1,1,0,50473.0,1.0
9428,1,1,0,50412.0,1.0
5708,0,0,0,29910.0,0.0
4012,0,1,0,22765.0,1.0
4802,1,1,0,26875.0,1.0
6577,0,0,0,34879.0,1.0
3026,0,0,0,17328.0,1.0
4942,1,1,0,27414.0,1.0
8074,1,1,0,43533.0,1.0
8735,0,0,0,46697.0,1.0
2894,1,1,0,16755.0,1.0
5863,0,1,0,30735.0,1.0
19,1,1,1,1675.0,1.0
2948,1,1,1,17055.0,1.0
5268,0,0,0,28467.0,1.0
9836,1,1,0,52668.0,1.0
9286,0,1,0,49684.0,1.0
4532,0,0,0,25762.0,1.0
2619,1,1,1,15567.0,1.0
1261,1,1,1,8166.0,
9714,0,0,0,52050.0,0.0
809,1,1,1,6448.0,1.0
5197,0,1,0,28239.0,1.0
2574,0,0,0,15342.0,1.0
3872,0,0,0,22015.0,1.0
2303,1,1,1,13950.0,1.0
5228,0,1,0,28345.0,1.0
3541,0,0,0,20235.0,1.0
7691,1,1,0,41394.0,1.0
6253,1,1,1,32964.0,1.0
1142,1,1,0,7667.0,1.0
7261,0,0,0,39091.0,1.0
5804,1,1,1,30375.0,1.0
3245,1,1,0,18727.0,1.0
4890,0,1,0,27155.0,1.0
7689,0,1,0,41372.0,1.0
8400,1,1,0,45194.0,1.0
2375,1,1,0,14375.0,1.0
6464,1,1,0,34304.0,1.0
3570,0,1,0,20373.0,1.0
8817,1,1,1,47084.0,1.0
4077,0,1,0,23260.0,1.0
9895,0,0,0,53159.0,1.0
620,0,0,0,5831.0,1.0
3279,0,0,0,18942.0,1.0
10029,1,1,0,54155.0,1.0
1402,1,1,1,8669.0,1.0
4868,0,0,0,27046.0,1.0
5274,1,1,0,28484.0,1.0
5524,0,0,0,29219.0,1.0
1046,0,0,0,7408.0,0.0
5802,0,0,0,30355.0,1.0
8855,0,0,0,47311.0,0.0
7470,1,1,1,40282.0,1.0
9791,0,0,0,52429.0,
743,0,1,0,6220.0,1.0
222,1,1,1,4082.0,1.0
1877,0,1,0,10793.0,1.0
625,0,0,0,5846.0,1.0
9025,0,0,0,48385.0,1.0
4157,0,0,0,23762.0,1.0
7021,1,1,1,37546.0,1.0
2227,0,0,0,13221.0,1.0
9453,1,1,0,50528.0,1.0
7877,1,1,1,42516.0,1.0
4149,0,0,0,23712.0,0.0
1315,0,0,0,8336.0,1.0
5064,0,0,0,27818.0,1.0
6859,0,0,0,36421.0,1.0
4046,1,1,1,23044.0,1.0
8676,0,0,0,46419.0,0.0
353,1,1,1,4625.0,1.0
7722,0,0,0,41605.0,1.0
456,1,1,1,4983.0,1.0
9479,0,0,0,50629.0,1.0
9185,1,1,0,49070.0,1.0
239,0,0,0,4124.0,1.0
8064,0,0,0,43476.0,1.0
2492,0,0,0,14994.0,1.0
9948,0,0,0,53487.0,1.0
9961,0,1,0,53540.0,1.0
3399,0,0,0,19588.0,1.0
9128,1,1,0,48896.0,1.0
1593,0,1,0,9573.0,1.0
9117,1,1,0,48817.0,1.0
2344,1,1,0,14199.0,1.0
1018,0,1,0,7296.0,1.0
9238,0,0,0,49508.0,1.0
6431,0,1,0,34173.0,1.0
1741,1,1,1,10215.0,1.0
8652,0,0,0,46291.0,1.0
1103,1,1,1,7570.0,1.0
6266,0,0,0,33118.0,0.0
7443,0,0,0,40184.0,1.0
9750,0,0,0,52236.0,1.0
6258,0,0,0,33032.0,1.0
5649,0,0,0,29788.0,1.0
9966,0,0,0,53593.0,1.0
3038,0,1,0,17385.0,1.0
7631,0,0,0,41169.0,1.0
5998,0,0,0,31512.0,1.0
9413,0,1,0,50305.0,1.0
3077,0,0,0,17626.0,1.0
3739,1,1,1,21242.0,1.0
6743,0,0,0,35824.0,1.0
9521,0,0,0,50966.0,0.0
1383,1,1,1,8568.0,1.0
9595,0,0,0,51387.0,1.0
1768,0,1,0,10352.0,1.0
217,0,0,0,4059.0,1.0
9497,0,0,0,50756.0,0.0
8588,0,0,0,46063.0,1.0
8578,0,0,0,46023.0,1.0
1034,1,1,0,7345.0,1.0
7055,0,0,0,37847.0,1.0
3960,0,0,0,22510.0,1.0
9865,0,0,0,52925.0,1.0
1864,1,1,1,10740.0,1.0
8342,0,0,0,44835.0,1.0
906,0,1,0,6844.0,1.0
7974,1,1,0,43112.0,1.0
6486,0,1,0,34464.0,1.0
5903,1,1,0,30988.0,1.0
3130,1,1,1,17941.0,1.0
9912,0,1,0,53198.0,1.0
2045,0,1,0,11681.0,1.0
4767,0,1,0,26713.0,1.0
3592,0,1,0,20464.0,1.0
7614,0,1,0,41059.0,1.0
9466,1,1,0,50579.0,1.0
6008,1,1,1,31572.0,1.0
2025,1,1,0,11546.0,1.0
5851,1,1,0,30649.0,1.0
9432,1,1,0,50441.0,1.0
852,1,1,1,6608.0,1.0
3314,0,0,0,19041.0,1.0
8487,0,0,0,45598.0,0.0
7856,1,1,1,42405.0,1.0
8686,1,1,1,46497.0,1.0
3320,0,0,0,19123.0,1.0
5129,1,1,0,28029.0,1.0
6385,1,1,1,33775.0,1.0
3328,0,0,0,19184.0,1.0
5440,0,0,0,29012.0,1.0
2794,0,0,0,16407.0,1.0
5186,0,0,0,28209.0,1.0
747,1,1,1,6234.0,1.0
2760,0,0,0,16271.0,1.0
347,1,1,1,4606.0,1.0
9366,1,1,0,50050.0,1.0
8361,1,1,0,44938.0,1.0
5938,0,0,0,31166.0,1.0
7226,0,0,0,38861.0,1.0
7110,0,0,0,38183.0,1.0
5279,0,0,0,28494.0,0.0
7789,0,1,0,42067.0,1.0
7210,0,0,0,38728.0,0.0
4734,1,1,1,26579.0,1.0
8883,1,1,0,47534.0,1.0
8737,0,1,0,46705.0,1.0
2133,0,0,0,12305.0,1.0
5020,0,1,0,27656.0,1.0
3469,0,0,0,19835.0,1.0
6088,0,0,0,31976.0,0.0
9702,0,0,0,52012.0,1.0
763,1,1,1,6273.0,1.0
6157,1,1,0,32382.0,1.0
6742,0,1,0,35818.0,1.0
9017,1,1,0,48344.0,1.0
5521,1,1,0,29214.0,1.0
8013,1,1,0,43242.0,1.0
1222,0,1,0,7962.0,1.0
6543,0,0,0,34719.0,1.0
8307,0,1,0,44735.0,1.0
10066,0,1,0,54348.0,1.0
1783,1,1,1,10383.0,1.0
4638,0,1,0,26234.0,1.0
6607,1,1,0,35024.0,1.0
6065,0,0,0,31889.0,0.0
5556,1,1,0,29364.0,1.0
708,0,0,0,6137.0,1.0
509,1,1,1,5261.0,1.0
8398,0,1,0,45185.0,1.0
7828,0,0,0,42216.0,1.0
6593,1,1,0,34951.0,1.0
5689,0,1,0,29877.0,1.0
3470,0,1,0,19837.0,1.0
5737,0,0,0,30018.0,0.0
10085,0,1,0,54523.0,1.0
1963,0,0,0,11294.0,1.0
9890,0,0,0,53119.0,0.0
3889,0,0,0,22073.0,1.0
4836,0,0,0,26968.0,1.0
4127,0,0,0,23612.0,1.0
4639,0,0,0,26236.0,1.0
711,1,1,1,6145.0,1.0
6739,0,1,0,35812.0,1.0
9303,1,1,1,49757.0,1.0
4421,0,0,0,25088.0,1.0
4812,0,1,0,26909.0,1.0
1372,1,1,1,8516.0,1.0
7573,0,1,0,40785.0,1.0
712,1,1,1,6149.0,1.0
7200,0,0,0,38655.0,1.0
1245,1,1,1,8106.0,1.0
4905,1,1,0,27255.0,1.0
2766,0,0,0,16287.0,1.0
5338,0,0,0,28633.0,1.0
715,1,1,1,6155.0,1.0
4742,0,0,0,26612.0,1.0
7238,0,0,0,38894.0,1.0
1482,1,1,1,9080.0,1.0
3879,0,0,0,22037.0,1.0
8831,0,1,0,47217.0,1.0
3860,1,1,1,21954.0,1.0
8972,1,1,0,47985.0,1.0
2124,0,1,0,12211.0,1.0
4187,0,0,0,23940.0,1.0
4189,0,0,0,23953.0,1.0
212,1,1,1,4048.0,1.0
8673,0,0,0,46388.0,1.0
7688,0,0,0,41363.0,1.0
1010,1,1,0,7273.0,1.0
323,0,1,0,4519.0,1.0
8353,0,1,0,44905.0,1.0
1097,1,1,0,7557.0,1.0
6263,0,0,0,33105.0,1.0
334,1,1,1,4584.0,0.0
2692,0,1,0,15976.0,1.0
5869,1,1,1,30761.0,1.0
2110,1,1,0,12076.0,1.0
6003,0,1,0,31543.0,1.0
792,1,1,1,6422.0,1.0
233,0,1,0,4101.0,1.0
2611,0,0,0,15533.0,1.0
3298,0,0,0,18998.0,1.0
5910,1,1,0,31005.0,1.0
5465,0,0,0,29069.0,1.0
7417,0,0,0,40019.0,1.0
9060,1,1,0,48472.0,1.0
9322,0,0,0,49854.0,1.0
3529,0,1,0,20197.0,1.0
9887,0,0,0,53087.0,1.0
9144,1,1,1,48930.0,1.0
5446,0,0,0,29030.0,1.0
6561,0,0,0,34811.0,0.0
9870,0,0,0,52955.0,0.0
774,0,1,0,6330.0,1.0
1494,0,0,0,9156.0,1.0
8690,0,1,0,46513.0,1.0
871,0,1,0,6712.0,1.0
9381,0,0,0,50123.0,1.0
1263,0,1,0,8171.0,1.0
5023,0,1,0,27661.0,1.0
9973,0,0,0,53653.0,0.0
7835,1,1,0,42260.0,1.0
5106,0,1,0,27936.0,1.0
9982,0,0,0,53705.0,1.0
1220,1,1,0,7960.0,1.0
6756,0,0,0,35902.0,1.0
1608,0,0,0,9630.0,1.0
408,0,0,0,4820.0,1.0
5159,1,1,0,28143.0,1.0
4011,0,0,0,22764.0,1.0
1513,1,1,1,9239.0,1.0
2464,0,0,0,14872.0,1.0
8895,1,1,1,47634.0,1.0
7149,0,0,0,38403.0,1.0
4913,0,1,0,27285.0,1.0
5363,0,0,0,28687.0,1.0
6903,0,1,0,36827.0,1.0
8405,1,1,0,45207.0,1.0
3257,0,1,0,18818.0,1.0
8775,0,1,0,46873.0,1.0
8724,0,1,0,46637.0,1.0
2554,0,0,0,15277.0,1.0
5095,0,0,0,27921.0,1.0
9240,0,0,0,49510.0,1.0
2275,1,1,0,13605.0,1.0
4792,0,0,0,26802.0,1.0
7136,1,1,1,38369.0,1.0
5831,0,0,0,30471.0,1.0
9356,0,0,0,50018.0,1.0
6057,0,0,0,31874.0,1.0
7356,0,1,0,39649.0,1.0
3707,1,1,1,21048.0,1.0
4667,0,0,0,26320.0,1.0
10043,0,0,0,54242.0,1.0
8174,0,1,0,43947.0,1.0
8423,0,0,0,45254.0,0.0
1498,1,1,1,9171.0,1.0
1479,0,0,0,9051.0,1.0
7159,0,0,0,38426.0,1.0
5411,1,1,0,28890.0,1.0
2515,0,0,0,15081.0,1.0
5927,0,0,0,31078.0,1.0
4692,0,0,0,26375.0,1.0
6805,0,1,0,36170.0,1.0
7671,0,0,0,41257.0,1.0
6714,0,0,0,35612.0,1.0
2425,0,0,0,14684.0,1.0
4601,1,1,0,26098.0,1.0
3936,0,0,0,22339.0,1.0
6575,0,0,0,34872.0,1.0
745,0,0,0,6230.0,1.0
5570,0,0,0,29437.0,1.0
710,0,1,0,6144.0,1.0
379,1,1,1,4734.0,1.0
4903,0,0,0,27232.0,1.0
3118,0,1,0,17898.0,1.0
9028,0,1,0,48388.0,1.0
7430,0,0,0,40123.0,1.0
4379,1,1,1,24803.0,1.0
4922,0,0,0,27314.0,0.0
4684,0,0,0,26366.0,0.0
5969,0,0,0,31418.0,1.0
1793,0,1,0,10415.0,1.0
4816,1,1,0,26919.0,1.0
6933,0,0,0,36903.0,1.0
7332,1,1,1,39490.0,1.0
6846,0,0,0,36396.0,1.0
1313,0,0,0,8330.0,1.0
4608,1,1,1,26125.0,1.0
2210,0,1,0,13033.0,1.0
7054,0,1,0,37845.0,1.0
7654,0,0,0,41213.0,1.0
1833,1,1,1,10560.0,1.0
1285,0,1,0,8245.0,1.0
9104,0,1,0,48760.0,1.0
4901,0,1,0,27217.0,1.0
1349,0,0,0,8439.0,0.0
6409,0,0,0,34007.0,1.0
2684,0,0,0,15947.0,1.0
3826,0,0,0,21734.0,1.0
10094,0,0,0,54567.0,1.0
427,1,1,1,4893.0,1.0
653,1,1,1,5980.0,1.0
8255,0,0,0,44437.0,1.0
3429,1,1,0,19684.0,1.0
8036,1,1,1,43368.0,1.0
9997,0,0,0,53808.0,1.0
3522,1,1,0,20168.0,1.0
4923,0,0,0,27315.0,1.0
6270,0,1,0,33154.0,1.0
2075,1,1,1,11890.0,1.0
7514,0,0,0,40541.0,1.0
9586,0,1,0,51354.0,1.0
611,0,0,0,5806.0,1.0
8106,1,1,1,43714.0,1.0
5397,0,0,0,28853.0,1.0
6114,1,1,0,32144.0,1.0
1747,0,0,0,10258.0,1.0
4265,0,1,0,24262.0,1.0
9864,1,1,1,52922.0,1.0
1118,1,1,0,7602.0,1.0
554,0,0,0,5484.0,1.0
8764,0,0,0,46790.0,0.0
511,0,0,0,5268.0,1.0
2165,1,1,0,12564.0,1.0
4900,1,1,0,27210.0,1.0
967,1,1,1,7109.0,1.0
6631,0,0,0,35130.0,1.0
7434,1,1,0,40130.0,1.0
2012,0,1,0,11500.0,1.0
9315,0,0,0,49840.0,1.0
1981,0,0,0,11404.0,1.0
2138,0,0,0,12332.0,1.0
8196,0,1,0,44105.0,1.0
9157,0,0,0,48947.0,0.0
6622,0,1,0,35111.0,1.0
7254,1,1,0,39024.0,1.0
4561,0,0,0,25890.0,1.0
4104,0,1,0,23462.0,1.0
1746,1,1,1,10256.0,1.0
3457,1,1,0,19788.0,1.0
5519,0,0,0,29212.0,1.0
9137,1,1,1,48912.0,1.0
1109,0,0,0,7576.0,1.0
5955,1,1,1,31332.0,1.0
5259,0,0,0,28441.0,1.0
1038,1,1,1,7351.0,1.0
1194,1,1,0,7877.0,1.0
8624,0,1,0,46225.0,1.0
3790,1,1,1,21548.0,0.0
2273,1,1,1,13590.0,1.0
6522,0,0,0,34633.0,0.0
9145,0,0,0,48932.0,1.0
5987,0,1,0,31480.0,1.0
934,1,1,1,6966.0,1.0
4032,1,1,0,22954.0,1.0
5582,0,0,0,29471.0,1.0
7606,0,0,0,41023.0,1.0
394,1,1,1,4769.0,1.0
4610,0,0,0,26135.0,1.0
2245,0,0,0,13327.0,1.0
9978,0,0,0,53682.0,1.0
9728,0,0,0,52141.0,1.0
10127,0,0,0,54701.0,1.0
7911,1,1,0,42714.0,1.0
1297,1,1,1,8291.0,1.0
5246,1,1,1,28391.0,1.0
1162,0,1,0,7713.0,1.0
4414,0,0,0,25020.0,1.0
1671,0,0,0,9954.0,1.0
2484,0,1,0,14974.0,1.0
3434,0,0,0,19694.0,1.0
1527,1,1,1,9323.0,1.0
8318,0,0,0,44760.0,0.0
3281,0,0,0,18946.0,1.0
7760,0,0,0,41813.0,1.0
3050,0,0,0,17485.0,1.0
58,0,0,0,2222.0,1.0
5261,1,1,0,28453.0,1.0
8912,0,0,0,47704.0,1.0
5583,1,1,0,29474.0,1.0
4702,0,1,0,26403.0,1.0
7914,0,1,0,42721.0,1.0
2485,0,0,0,14975.0,1.0
6271,0,1,0,33155.0,1.0
2018,1,1,1,11522.0,1.0
5664,0,0,0,29823.0,1.0
7666,0,0,0,41244.0,1.0
9066,0,0,0,48491.0,1.0
5286,0,0,0,28519.0,1.0
6880,0,0,0,36639.0,1.0
676,1,1,1,6063.0,1.0
4960,1,1,0,27492.0,1.0
3852,1,1,0,21903.0,1.0
8826,0,0,0,47160.0,1.0
6700,0,1,0,35564.0,1.0
9678,0,0,0,51875.0,1.0
2930,0,1,0,16991.0,1.0
6187,0,1,0,32605.0,1.0
3518,0,0,0,20147.0,1.0
7581,0,0,0,40842.0,1.0
5813,1,1,0,30422.0,1.0
9152,1,1,0,48940.0,1.0
5456,0,1,0,29051.0,1.0
5459,0,0,0,29055.0,1.0
866,1,1,0,6689.0,1.0
8354,1,1,1,44914.0,1.0
6162,0,0,0,32390.0,1.0
7415,0,1,0,40008.0,1.0
4052,1,1,1,23115.0,1.0
3886,1,1,0,22061.0,1.0
6708,0,0,0,35575.0,1.0
3053,0,1,0,17505.0,1.0
2882,1,1,0,16725.0,1.0
2627,0,0,0,15617.0,1.0
1957,0,0,0,11235.0,1.0
6405,1,1,0,33945.0,1.0
9881,0,0,0,53029.0,1.0
2517,0,0,0,15083.0,1.0
8243,0,0,0,44347.0,0.0
7919,1,1,0,42736.0,1.0
1210,0,1,0,7941.0,1.0
7558,1,1,1,40743.0,1.0
5580,0,1,0,29465.0,1.0
1726,1,1,1,10163.0,1.0
3859,1,1,1,21953.0,1.0
8178,0,0,0,43989.0,1.0
6135,0,1,0,32279.0,1.0
2523,0,0,0,15150.0,1.0
4031,0,0,0,22943.0,1.0
9857,0,0,0,52848.0,1.0
3187,0,0,0,18378.0,1.0
6191,1,1,1,32618.0,1.0
4870,0,0,0,27064.0,0.0
617,0,0,0,5816.0,0.0
2963,0,0,0,17124.0,1.0
6039,1,1,0,31754.0,1.0
3703,0,1,0,21029.0,1.0
4201,1,1,0,24011.0,1.0
766,1,1,1,6282.0,1.0
2650,0,0,0,15745.0,0.0
9967,0,0,0,53597.0,1.0
5493,1,1,0,29161.0,1.0
2069,1,1,1,11871.0,1.0
1144,0,1,0,7670.0,1.0
5071,0,1,0,27832.0,1.0
2846,0,0,0,16623.0,1.0
462,1,1,1,4996.0,1.0
3154,0,1,0,18100.0,1.0
8949,0,0,0,47874.0,1.0
8540,1,1,1,45805.0,1.0
6835,1,1,0,36362.0,1.0
5695,1,1,0,29884.0,1.0
5515,0,0,0,29205.0,1.0
3602,0,0,0,20503.0,1.0
4202,0,0,0,24016.0,1.0
3533,1,1,1,20210.0,1.0
9522,0,0,0,50969.0,1.0
7362,1,1,0,39693.0,1.0
828,1,1,1,6518.0,1.0
7626,0,0,0,41126.0,1.0
4184,0,0,0,23922.0,1.0
1672,1,1,1,9955.0,1.0
5502,0,0,0,29179.0,1.0
1688,0,0,0,10002.0,1.0
3017,1,1,0,17298.0,1.0
8171,0,0,0,43938.0,1.0
3352,0,0,0,19299.0,0.0
5629,0,1,0,29701.0,1.0
6447,0,1,0,34209.0,1.0
7600,0,1,0,40968.0,1.0
3047,0,0,0,17462.0,1.0
6725,0,1,0,35714.0,1.0
1713,0,1,0,10110.0,1.0
20,1,1,1,1694.0,1.0
4930,1,1,0,27356.0,1.0
2328,0,1,0,14122.0,1.0
2168,0,0,0,12613.0,1.0
4842,1,1,1,26981.0,1.0
8014,0,1,0,43245.0,1.0
6367,1,1,1,33728.0,1.0
7346,1,1,0,39559.0,1.0
1295,1,1,1,8284.0,1.0
4029,1,1,1,22906.0,1.0
591,1,1,1,5711.0,1.0
1406,1,1,1,8676.0,1.0
221,1,1,1,4075.0,1.0
7889,0,1,0,42594.0,1.0
5843,1,1,0,30577.0,1.0
6500,1,1,0,34543.0,1.0
8543,1,1,0,45828.0,1.0
858,0,0,0,6651.0,1.0
7896,1,1,1,42624.0,1.0
6340,0,0,0,33555.0,1.0
4838,0,1,0,26971.0,1.0
841,1,1,1,6553.0,1.0
1731,0,0,0,10183.0,1.0
7507,0,0,0,40502.0,1.0
5766,0,1,0,30142.0,1.0
6448,0,0,0,34210.0,1.0
7552,0,1,0,40732.0,1.0
1655,1,1,1,9888.0,1.0
994,1,1,1,7212.0,1.0
2685,0,1,0,15953.0,1.0
730,1,1,1,6183.0,1.0
1554,1,1,1,9418.0,1.0
7290,1,1,1,39308.0,1.0
8022,0,0,0,43272.0,0.0
2286,0,0,0,13774.0,1.0
7360,0,0,0,39682.0,1.0
3651,0,0,0,20777.0,1.0
7444,0,0,0,40187.0,1.0
1766,0,0,0,10340.0,1.0
3209,0,0,0,18467.0,1.0
4450,0,0,0,25315.0,1.0
9759,0,1,0,52258.0,1.0
2072,0,0,0,11875.0,1.0
465,0,1,0,4999.0,1.0
9652,0,0,0,51670.0,1.0
7025,1,1,1,37574.0,1.0
8249,0,0,0,44385.0,0.0
10123,0,0,0,54678.0,1.0
4716,1,1,0,26494.0,1.0
157,0,1,0,3695.0,1.0
2457,0,0,0,14824.0,0.0
7915,0,0,0,42723.0,1.0
9866,1,1,0,52926.0,1.0
185,1,1,1,3882.0,1.0
1002,1,1,0,7254.0,1.0
7068,0,0,0,37900.0,1.0
9715,0,1,0,52057.0,1.0
400,0,0,0,4805.0,1.0
2862,1,1,0,16672.0,1.0
2848,0,0,0,16626.0,1.0
8065,0,0,0,43484.0,1.0
2973,0,0,0,17149.0,1.0
8523,0,0,0,45740.0,1.0
7625,0,1,0,41118.0,1.0
4553,0,1,0,25836.0,1.0
8689,1,1,0,46512.0,1.0
8621,0,0,0,46220.0,1.0
4267,0,1,0,24267.0,1.0
6877,0,0,0,36600.0,1.0
1250,0,0,0,8123.0,0.0
2516,0,0,0,15082.0,1.0
8906,0,1,0,47649.0,1.0
59,1,1,1,2226.0,1.0
2908,1,1,0,16855.0,1.0
1113,0,0,0,7585.0,1.0
3288,0,0,0,18962.0,1.0
4060,0,0,0,23165.0,1.0
3755,1,1,1,21309.0,1.0
1328,0,1,0,8376.0,1.0
2531,0,0,0,15184.0,1.0
6945,1,1,1,37019.0,1.0
2221,0,1,0,13157.0,1.0
9664,0,0,0,51758.0,1.0
4299,1,1,0,24454.0,1.0
3282,0,0,0,18947.0,1.0
9756,0,1,0,52252.0,1.0
10059,0,0,0,54285.0,1.0
7938,1,1,1,42838.0,1.0
1550,1,1,1,9410.0,1.0
1009,0,1,0,7272.0,1.0
9926,0,1,0,53263.0,1.0
8437,0,1,0,45333.0,1.0
8542,0,0,0,45827.0,0.0
1612,0,0,0,9634.0,1.0
6282,1,1,0,33189.0,1.0
2855,0,1,0,16659.0,1.0
6804,0,1,0,36166.0,1.0
8968,0,0,0,47978.0,1.0
8667,0,0,0,46367.0,0.0
648,1,1,1,5960.0,1.0
1195,0,0,0,7880.0,1.0
9223,1,1,0,49412.0,1.0
879,1,1,1,6746.0,1.0
7862,0,1,0,42436.0,1.0
9421,0,0,0,50335.0,1.0
7237,1,1,0,38892.0,1.0
8046,1,1,1,43412.0,1.0
9829,1,1,0,52628.0,1.0
10132,0,0,0,54740.0,1.0
550,1,1,1,5478.0,1.0
7020,1,1,0,37544.0,
4993,0,0,0,27568.0,0.0
7917,0,0,0,42728.0,1.0
883,1,1,1,6770.0,1.0
6883,0,1,0,36652.0,1.0
4671,0,1,0,26331.0,1.0
4415,0,1,0,25026.0,1.0
211,0,0,0,4047.0,0.0
6234,1,1,0,32856.0,1.0
7642,1,1,0,41198.0,1.0
5331,0,0,0,28619.0,1.0
7971,0,1,0,43097.0,1.0
2128,1,1,0,12243.0,1.0
10018,0,0,0,54024.0,1.0
5838,0,0,0,30517.0,1.0
1438,0,0,0,8856.0,
467,0,1,0,5008.0,1.0
5684,0,0,0,29866.0,1.0
1915,0,0,0,11041.0,1.0
6935,0,1,0,36908.0,1.0
8210,0,1,0,44184.0,1.0
8773,1,1,0,46866.0,1.0
696,1,1,1,6109.0,1.0
6723,1,1,0,35698.0,1.0
8560,0,1,0,45884.0,1.0
4304,0,0,0,24467.0,1.0
9318,0,0,0,49846.0,0.0
7669,0,1,0,41253.0,1.0
7143,0,1,0,38388.0,1.0
1314,1,1,1,8335.0,1.0
4680,1,1,0,26354.0,1.0
3979,1,1,0,22633.0,1.0
7954,1,1,1,42946.0,1.0
10130,0,0,0,54723.0,1.0
7701,0,0,0,41454.0,1.0
914,0,0,0,6857.0,1.0
12,1,1,1,1478.0,1.0
2183,1,1,1,12774.0,1.0
8020,0,1,0,43264.0,1.0
1536,0,0,0,9347.0,1.0
736,0,0,0,6202.0,1.0
1346,0,1,0,8428.0,1.0
8819,1,1,0,47115.0,1.0
453,1,1,1,4974.0,1.0
4511,0,0,0,25664.0,1.0
927,0,0,0,6932.0,0.0
2996,0,0,0,17222.0,1.0
4613,0,0,0,26171.0,1.0
7441,1,1,1,40180.0,1.0
6733,0,0,0,35751.0,1.0
37,1,1,1,2031.0,1.0
3931,1,1,1,22301.0,1.0
3656,1,1,0,20788.0,1.0
7927,0,0,0,42791.0,1.0
10184,0,0,0,55067.0,1.0
4665,0,0,0,26318.0,1.0
940,0,0,0,6977.0,1.0
5120,0,1,0,28002.0,1.0
3944,0,0,0,22414.0,1.0
6772,1,1,1,35995.0,1.0
2874,0,1,0,16706.0,1.0
3473,0,0,0,19856.0,1.0
5092,0,0,0,27910.0,1.0
2407,0,0,0,14606.0,1.0
738,1,1,1,6207.0,1.0
538,1,1,1,5410.0,1.0
9459,0,0,0,50536.0,1.0
4786,1,1,1,26789.0,1.0
1400,0,0,0,8653.0,1.0
4224,0,0,0,24139.0,1.0
8535,0,0,0,45771.0,0.0
7772,0,1,0,41900.0,1.0
9951,1,1,0,53496.0,1.0
7800,0,1,0,42126.0,1.0
2377,0,0,0,14397.0,1.0
9054,0,0,0,48452.0,1.0
2088,1,1,1,11932.0,1.0
7382,0,1,0,39791.0,1.0
10113,0,1,0,54623.0,1.0
7615,1,1,0,41068.0,1.0
9407,0,0,0,50278.0,1.0
3078,1,1,1,17634.0,1.0
10160,0,1,0,54921.0,1.0
5736,0,0,0,30017.0,1.0
4191,1,1,1,23959.0,1.0
3717,0,1,0,21111.0,1.0
3055,0,1,0,17511.0,1.0
